id,nombre_lugar,id_distrito,fecha,geom,point_x,point_y,uv,nombre
103,ROTONDA 2DO ANILLO AV. BENI,11,2020-04-21,010100000005C58F31355C1D410C022BA7E0A65E41,-63.1788952792,-17.7704412492,1,Distrito Urbano 11
104,ROTONDA 2DO ANILLO CRISTO REDENTOR,1,2020-04-21,010100000032772D6136561D41560E2DAADFA65E41,-63.1825151843,-17.7704736411,36,Distrito Urbano 1
105,ROTONDA 2DO ANILLO CENTENARIO,1,2020-04-21,0101000000BA490CC2A2431D4185EB5190EAA55E41,-63.1937408935,-17.7793245444,32,Distrito Urbano 1
106,ROTONDA 2DO ANILLO AV. BRASIL,3,2020-04-21,0101000000CE88D25E69741D41A4703D120BA55E41,-63.1642970636,-17.7874318826,23,Distrito Urbano 3
107,ROTONDA 2DO ANILLO AV. LA BARRANCA,4,2020-04-21,010100000090BD9C9905621D411A5DB673E4A35E41,-63.1754118283,-17.7980742540,7,Distrito Urbano 4
108,MELCHOR PINTO PARADA,11,2020-04-21,0101000000E09C11A552671D4108AC1CCA85A55E41,-63.1721962723,-17.7829881886,CIII,Distrito Urbano 11
109,AV. LAS AMERICAS,11,2020-04-21,0101000000925CFE03295E1D4104560E7590A45E41,-63.1777376157,-17.7918532750,7,Distrito Urbano 11
110,PLAZA ESPA?A / AV. ARGENTINA,11,2020-04-21,0101000000E0CBC9CB00651D41E7298320A3A45E41,-63.1736048844,-17.7911819756,CIII,Distrito Urbano 11
111,AV. EJERCITO /AV. IRALA,11,2020-04-21,0101000000C9034FD60F4F1D415F7F9F646BA45E41,-63.1868561433,-17.7931848446,CIV,Distrito Urbano 11
112,AV. LANDIVAR,11,2020-04-21,0101000000ABCFD596A94B1D415839B4B05DA55E41,-63.1888996769,-17.7844225841,11,Distrito Urbano 11
113,AV. BRASIL/ AV. VIEDMA,11,2020-04-21,010100000045D8F074E2671D411283C00A3FA55E41,-63.1718595130,-17.7855463762,CIII,Distrito Urbano 11
114,CALLE PARI/ ISABEL LA CATOLICA,11,2020-04-21,0101000000224098B7904D1D41AA509B15EBA45E41,-63.1877550231,-17.7885672814,CIV,Distrito Urbano 11
115,MERCADO MOVILES,1,2020-04-21,01010000002082BDC992471D4199C77280C1A75E41,-63.1913452172,-17.7623000215,ET21,Distrito Urbano 1
116,MERCADO MOVILES,1,2020-04-21,01010000004007A99B354E1D411A5DB653E8A75E41,-63.1873372611,-17.7609001551,ET22,Distrito Urbano 1
117,MERCADO MOVILES,1,2020-04-21,0101000000C046DE79CB551D41470F545304A85E41,-63.1827565687,-17.7598921851,ET23,Distrito Urbano 1
118,MERCADO MOVILES,2,2020-04-21,010100000020D6A06F04631D41A1738F720EA85E41,-63.1747732301,-17.7595335010,15,Distrito Urbano 2
119,MERCADO MOVILES,2,2020-04-21,01010000005009D422CD831D41493ADB9939A65E41,-63.1549947795,-17.7765014267,20,Distrito Urbano 2
120,MERCADO MOVILES,2,2020-04-21,01010000007063385E63901D41F55635AEDFA55E41,-63.1473975221,-17.7797583920,42,Distrito Urbano 2
121,MERCADO MOVILES,6,2020-04-21,0101000000F0F87BE96B8F1D41470F54F339A55E41,-63.1479861135,-17.7857499604,Nueva Feria-Barrio Lindo,Distrito Urbano 6
122,MERCADO MOVILES,3,2020-04-21,0101000000202CAF1C0D8F1D41470F5493DCA45E41,-63.1482125040,-17.7891257854,140,Distrito Urbano 3
123,MERCADO MOVILES,3,2020-04-21,010100000000A7C3CA71891D41B3F64FAD6DA35E41,-63.1516092708,-17.8023884775,44,Distrito Urbano 3
124,MERCADO MOVILES,3,2020-04-21,010100000070B9460B7F7F1D41979CEB61B8A25E41,-63.1576226248,-17.8089384580,92,Distrito Urbano 3
125,MERCADO MOVILES,3,2020-04-21,01010000001053E024BE7B1D41CE252DB28DA25E41,-63.1598907771,-17.8104799536,45,Distrito Urbano 3
126,MERCADO MOVILES,3,2020-04-21,0101000000A06BE47A4F851D41A7F4242E0CA35E41,-63.1541087802,-17.8059115369,45,Distrito Urbano 3
127,MERCADO MOVILES,9,2020-04-21,0101000000D09E172E43681D414D90E9768BA15E41,-63.1716641294,-17.8198063619,47,Distrito Urbano 9
128,MERCADO MOVILES,9,2020-04-21,0101000000403005AB805F1D41CCFAA5434CA15E41,-63.1769568192,-17.8220866523,48,Distrito Urbano 9
129,MERCADO MOVILES,9,2020-04-21,0101000000C0C548B65B531D41F55635363AA15E41,-63.1842920920,-17.8227325626,Villa Olimpica,Distrito Urbano 9
130,MERCADO MOVILES,10,2020-04-21,010100000040DC2105363C1D4145E4CC5C9BA15E41,-63.1982680527,-17.8192063941,50,Distrito Urbano 10
131,MERCADO MOVILES,10,2020-04-21,010100000010D4756866321D41886F39EC01A25E41,-63.2041890860,-17.8154922279,109,Distrito Urbano 10
132,MERCADO MOVILES,10,2020-04-21,0101000000E0F650E23D241D41E9540A2710A35E41,-63.2127280959,-17.8057129510,111,Distrito Urbano 10
133,MERCADO MOVILES,10,2020-04-21,0101000000600BFF29C3201D417C6D0E5589A35E41,-63.2148240298,-17.8013293968,111,Distrito Urbano 10
134,MERCADO MOVILES,1,2020-04-21,010100000050DE4C8CB31D1D41EDAA18FC90A45E41,-63.2166610061,-17.7917949881,113,Distrito Urbano 1
135,MERCADO MOVILES,1,2020-04-21,010100000000A7C3CA451E1D419BF2F98613A65E41,-63.2162992268,-17.7778198878,55A,Distrito Urbano 1
137,MERCADO MOVILES,1,2020-04-21,01010000008090EAFB3C461D411EB3C460DDA85E41,-63.1921403715,-17.7520356150,59A,Distrito Urbano 1
138,MERCADO MOVILES,1,2020-04-21,0101000000408613D8214F1D41D27B3B5F07A95E41,-63.1867693593,-17.7505224970,PSU5,Distrito Urbano 1
139,MERCADO MOVILES,1,2020-04-21,0101000000B06F3A8925591D410B30045E1EA95E41,-63.1807227107,-17.7496967609,63,Distrito Urbano 1
140,MERCADO MOVILES,1,2020-04-21,0101000000D04809012F621D41EB7F910517A95E41,-63.1752672678,-17.7499672909,62,Distrito Urbano 1
141,MERCADO MOVILES,2,2020-04-21,0101000000E0A042B5F3741D41E5FEFB69E5A85E41,-63.1639382568,-17.7517706735,38,Distrito Urbano 2
142,MERCADO MOVILES,2,2020-04-21,0101000000803C0756C87F1D4118322FA591A85E41,-63.1574023147,-17.7548047176,39,Distrito Urbano 2
143,MERCADO MOVILES,2,2020-04-21,0101000000E075BB9E318E1D41911B563E72A75E41,-63.1487104435,-17.7652026125,40,Distrito Urbano 2
144,MERCADO MOVILES,2,2020-04-21,0101000000B06D0F82E1901D41470F543352A65E41,-63.1470966165,-17.7756181150,42,Distrito Urbano 2
145,MERCADO MOVILES,7,2020-04-21,01010000007038B147E29D1D41E9540AA7A0A45E41,-63.1392575904,-17.7912988915,81,Distrito Urbano 7
146,MERCADO MOVILES,7,2020-04-21,0101000000700F55B8E4981D41288A6801A1A35E41,-63.1422784020,-17.8005396938,91,Distrito Urbano 7
147,MERCADO MOVILES,3,2020-04-21,01010000003084E850AE9A1D41E2D374ABDBA25E41,-63.1412045884,-17.8076751844,91A,Distrito Urbano 3
148,MERCADO MOVILES,3,2020-04-21,0101000000B044B37233971D419346DDBC6CA25E41,-63.1433093490,-17.8116844191,92,Distrito Urbano 3
149,MERCADO MOVILES,9,2020-04-21,0101000000F0A26DBCAB611D41288A683154A05E41,-63.1756560994,-17.8310568575,106,Distrito Urbano 9
150,MERCADO MOVILES,9,2020-04-21,010100000080BB711288421D41265FE1622FA05E41,-63.1944651083,-17.8323697886,117,Distrito Urbano 9
151,MERCADO MOVILES,10,2020-04-21,0101000000F0CDF452D42E1D410B30048EFEA05E41,-63.2063562872,-17.8248674114,118,Distrito Urbano 10
152,MERCADO MOVILES,10,2020-04-21,0101000000F079112D872A1D412CE076165DA15E41,-63.2089501519,-17.8214468128,118,Distrito Urbano 10
153,MERCADO MOVILES,10,2020-04-21,0101000000C0C7733D70231D41CACF1E6DEBA15E41,-63.2132257797,-17.8162959429,ET74,Distrito Urbano 10
154,MERCADO MOVILES,1,2020-04-21,010100000050B3C5F5C80D1D41553C06B181A35E41,-63.2262844250,-17.8015927289,112A,Distrito Urbano 1
155,MERCADO MOVILES,1,2020-04-21,0101000000F0F87BE9A5101D41FF2DD986DCA45E41,-63.2245397795,-17.7890548791,112A,Distrito Urbano 1
156,MERCADO MOVILES,1,2020-04-21,010100000040B19A6E3F121D416AEA4D7A2CA55E41,-63.2235702297,-17.7861653507,55A,Distrito Urbano 1
158,MERCADO MOVILES,1,2020-04-21,0101000000302EDAA3FB491D41886F39FC13AA5E41,-63.1898677697,-17.7408077190,PSU5,Distrito Urbano 1
159,MERCADO MOVILES,5,2020-04-21,0101000000102A8495DF5A1D412AB5EFF771AA5E41,-63.1796680122,-17.7374193234,68,Distrito Urbano 5
160,MERCADO MOVILES,5,2020-04-21,0101000000A0405D6486681D4184192B5F1DAA5E41,-63.1714299035,-17.7404853211,65,Distrito Urbano 5
161,MERCADO MOVILES,5,2020-04-21,0101000000C046DE79B7791D413B0D2924B2A95E41,-63.1610551026,-17.7443710719,66,Distrito Urbano 5
162,MERCADO MOVILES,5,2020-04-21,0101000000F079112DFD871D418FF0CEAF54A95E41,-63.1524419239,-17.7477568380,67,Distrito Urbano 5
163,MERCADO MOVILES,16,2020-04-21,010100000020D6A0EF508C1D41553C06E935A95E41,-63.1498305157,-17.7488715864,71,Distrito Industrial
164,MERCADO MOVILES,7,2020-04-21,0101000000B0192CDCD9A61D418644B2C521A55E41,-63.1338393323,-17.7866343131,140,Distrito Urbano 7
165,MERCADO MOVILES,7,2020-04-21,01010000008090EA7B7AA41D41418EBE8786A35E41,-63.1352831634,-17.8015018740,93,Distrito Urbano 7
166,MERCADO MOVILES,7,2020-04-21,0101000000903E325D6AB11D41493ADB495DA55E41,-63.1274586258,-17.7844867443,84B,Distrito Urbano 7
167,MERCADO MOVILES,7,2020-04-21,0101000000B0989618CBB21D410159601D81A45E41,-63.1266322484,-17.7924477221,86,Distrito Urbano 7
168,MERCADO MOVILES,7,2020-04-21,0101000000E077E6A52FB21D410B30043E03A45E41,-63.1270021374,-17.7969984339,89,Distrito Urbano 7
169,MERCADO MOVILES,7,2020-04-21,010100000060610DD72FB11D41C22302A372A35E41,-63.1276092687,-17.8022262838,94,Distrito Urbano 7
170,MERCADO MOVILES,8,2020-04-21,0101000000806563E558A21D4172966A5C63A25E41,-63.1365781725,-17.8120282543,104,Distrito Urbano 8
171,MERCADO MOVILES,8,2020-04-21,010100000030D8CB7652AF1D41781700F013A25E41,-63.1287444614,-17.8149051396,146,Distrito Urbano 8
172,MERCADO MOVILES,8,2020-04-21,01010000008011803FA9A31D41288A68E167A15E41,-63.1357915820,-17.8211211190,150,Distrito Urbano 8
173,MERCADO MOVILES,9,2020-04-21,010100000070B9460BB87D1D41418EBE4FD5A05E41,-63.1587114309,-17.8264030684,114,Distrito Urbano 9
174,MERCADO MOVILES,8,2020-04-21,0101000000B06F3A89359E1D41470F54B391A05E41,-63.1390903216,-17.8288625033,150,Distrito Urbano 8
175,MERCADO MOVILES,12,2020-04-21,0101000000A64F41DB35721D415759B874F79F5E41,-63.1656696208,-17.8344184952,170,Distrito Urbano 12
176,MERCADO MOVILES,9,2020-04-21,0101000000E9CB6B75D5731D41588D1A1626A15E41,-63.1646790167,-17.8234777089,106,Distrito Urbano 9
177,MERCADO MOVILES,9,2020-04-21,0101000000449D7AEF6F671D41A2C28C1C3E9F5E41,-63.1721829588,-17.8411139947,114,Distrito Urbano 9
178,MERCADO MOVILES,12,2020-04-21,010100000020D6A0EFB27A1D4174C1F1124B9F5E41,-63.1605481522,-17.8406552488,171,Distrito Urbano 12
179,MERCADO MOVILES,9,2020-04-21,010100000000D24AE1BD581D41E72983B0CF9E5E41,-63.1810633238,-17.8450982697,ET41,Distrito Urbano 9
180,MERCADO MOVILES,12,2020-04-21,0101000000B0EEA4C573581D41418EBE9F129E5E41,-63.1812451010,-17.8519337592,176,Distrito Urbano 12
181,MERCADO MOVILES,12,2020-04-21,010100000080BB7112DD4F1D410B3004A64C9D5E41,-63.1864405615,-17.8590866572,129,Distrito Urbano 12
182,MERCADO MOVILES,9,2020-04-21,0101000000408613D8A93B1D41FD025238169E5E41,-63.1986348666,-17.8517868216,130,Distrito Urbano 9
183,MERCADO MOVILES,9,2020-04-21,0101000000505DB7C82F401D41EDAA1884329F5E41,-63.1958913755,-17.8415108853,117,Distrito Urbano 9
184,MERCADO MOVILES,10,2020-04-21,0101000000F0230300E12B1D4118322FC5D59F5E41,-63.2081507230,-17.8355957501,118A,Distrito Urbano 10
185,MERCADO MOVILES,10,2020-04-21,010100000010D475E8C5221D4168BFC6C3FB9E5E41,-63.2136600062,-17.8434717789,135,Distrito Urbano 10
186,MERCADO MOVILES,10,2020-04-21,0101000000403005AB68201D41015960F5B9A05E41,-63.2150686809,-17.8273381143,119,Distrito Urbano 10
187,MERCADO MOVILES,10,2020-04-21,0101000000007C3CB419131D41FD025280A59F5E41,-63.2231190001,-17.8373243876,137,Distrito Urbano 10
188,MERCADO MOVILES,10,2020-04-21,0101000000A0C1F227E1171D416AEA4D3241A15E41,-63.2202141225,-17.8224428544,127,Distrito Urbano 10
189,MERCADO MOVILES,10,2020-04-21,0101000000F0CDF452F4061D415F13AA6146A05E41,-63.2304477236,-17.8314992625,138,Distrito Urbano 10
190,MERCADO MOVILES,10,2020-04-21,010100000080E6F8A8CB0E1D41DA275869CCA15E41,-63.2256940593,-17.8174032850,127,Distrito Urbano 10
191,MERCADO MOVILES,10,2020-04-21,010100000060E2A21A1D011D41D8FCD0B2FFA05E41,-63.2339666518,-17.8247949529,138,Distrito Urbano 10
192,MERCADO MOVILES,10,2020-04-21,0101000000703ADC4E07031D41A91FACFC83A25E41,-63.2327919343,-17.8107577886,ET47,Distrito Urbano 10
193,MERCADO MOVILES,10,2020-04-21,0101000000E0A0423560F91C41DC52DF47F3A15E41,-63.2386282863,-17.8159826074,ET48,Distrito Urbano 10
194,MERCADO MOVILES,5,2020-04-21,010100000000C716FA5C481D41B8F582C8CCAB5E41,-63.1908287226,-17.7248695661,331,Distrito Urbano 5
195,MERCADO MOVILES,5,2020-04-21,0101000000A5A78910D24A1D4181C336E33AAC5E41,-63.1893412127,-17.7208901382,331,Distrito Urbano 5
196,MERCADO MOVILES,5,2020-04-21,01010000007038B1C71C611D41D4A6C28553AB5E41,-63.1758937478,-17.7292677458,ET26,Distrito Urbano 5
197,MERCADO MOVILES,5,2020-04-21,0101000000A015D6CD4F651D41A39E169113AC5E41,-63.1733522012,-17.7223265622,ET26,Distrito Urbano 5
198,MERCADO MOVILES,5,2020-04-21,010100000004D9166B2D591D41E5E6773557AC5E41,-63.1806742275,-17.7198743324,333,Distrito Urbano 5
199,MERCADO MOVILES,5,2020-04-21,0101000000E0A042B5FD7A1D4130368513B8AA5E41,-63.1602773692,-17.7349013422,ET30,Distrito Urbano 5
200,MERCADO MOVILES,5,2020-04-21,0101000000D0F425DB70801D415DE8221B6FAB5E41,-63.1569817869,-17.7282864843,ET29,Distrito Urbano 5
201,MERCADO MOVILES,5,2020-04-21,0101000000B044B372BC8B1D417E98952B25AB5E41,-63.1501657612,-17.7309649965,78,Distrito Urbano 5
203,MERCADO MOVILES,4,2020-04-21,010100000020012886F3501D416C15D5E895A35E41,-63.1857232031,-17.8009044543,9,Distrito Urbano 4
204,MERCADO MOVILES,4,2020-04-21,0101000000403230B22A4B1D411C883D3296A35E41,-63.1892163255,-17.8008907397,9,Distrito Urbano 4
205,MERCADO MOVILES,11,2020-04-21,0101000000A0C1F2A76F451D411EB3C488E3A35E41,-63.1926739326,-17.7980911993,29,Distrito Urbano 11
206,MERCADO MOVILES,1,2020-04-21,0101000000C046DE7999411D41C0F87A8C50A55E41,-63.1949764406,-17.7848917606,11,Distrito Urbano 1
207,MERCADO MOVILES,3,2020-04-21,01010000001053E0A4A2721D41F9AC43CB33A35E41,-63.1653853317,-17.8044700859,25,Distrito Urbano 3
209,MERCADO MOVILES,4,2020-04-21,0101000000608C946D0D641D41288A68097DA25E41,-63.1741982324,-17.8110700494,ET9,Distrito Urbano 4
210,MERCADO MOVILES,4,2020-04-21,0101000000D0F4255BAC5E1D41F10027D189A25E41,-63.1774463442,-17.8106050575,26,Distrito Urbano 4
211,MERCADO MOVILES,4,2020-04-21,010100000090BD9C198E491D4184192B6F7FA25E41,-63.1902002805,-17.8109684580,ET12,Distrito Urbano 4
212,MERCADO MOVILES,4,2020-04-21,0101000000E0CBC94B71411D41886F396C8FA25E41,-63.1950989095,-17.8103855664,51,Distrito Urbano 4
213,MERCADO MOVILES,5,2020-04-21,0101000000600BFFA908851D418A9AC01A76AA5E41,-63.1542169829,-17.7372914344,71,Distrito Urbano 5
214,MERCADO MOVILES,16,2020-04-21,0101000000903E32DDE5991D415F13AA4985AA5E41,-63.1416215945,-17.7367519705,79,Distrito Industrial
215,MERCADO MOVILES,16,2020-04-21,0101000000007C3C346A931D41F9AC432BE5A95E41,-63.1455398639,-17.7425382659,71,Distrito Industrial
216,MERCADO MOVILES,5,2020-04-21,0101000000D01D826A26961D410E5B8B64BCAA5E41,-63.1438824493,-17.7347579803,75,Distrito Urbano 5
217,MERCADO MOVILES,5,2020-04-21,0101000000801180BF528F1D41FF2DD9DE0EAA5E41,-63.1480086785,-17.7410286839,71,Distrito Urbano 5
218,MERCADO MOVILES,6,2020-04-21,0101000000E021D8F8BDC71D41613E3190E3A95E41,-63.1139507130,-17.7426172116,144,Distrito Urbano 6
219,MERCADO MOVILES,6,2020-04-21,0101000000505DB7C8AEAE1D4132610CEAE0A85E41,-63.1290853803,-17.7519594012,151,Distrito Urbano 6
220,MERCADO MOVILES,6,2020-04-21,010100000010A9EED173B11D41A7F42486D1A75E41,-63.1274202272,-17.7617727096,ET32,Distrito Urbano 6
221,MERCADO MOVILES,6,2020-04-21,01010000009013AB46E7BC1D4153117FB213A85E41,-63.1205050818,-17.7593845637,141B,Distrito Urbano 6
222,MERCADO MOVILES,5,2020-04-21,01010000002082BDC919781D41CE252D72BBAC5E41,-63.1620053939,-17.7162664950,ET-93,Distrito Urbano 5
223,MERCADO MOVILES,9,2020-04-21,0101000000A017015529391D419F48084480A05E41,-63.2001212332,-17.8294398773,108,Distrito Urbano 9
224,MERCADO MOVILES,5,2020-04-21,0101000000007C3CB4657B1D4120DE4B0F7AAD5E41,-63.1600094990,-17.7093763941,ET100,Distrito Urbano 5
225,MERCADO MOVILES,5,2020-04-21,0101000000B06F3A89E07B1D4172966ABC11AE5E41,-63.1597150457,-17.7038926985,ET101,Distrito Urbano 5
226,MERCADO MOVILES,5,2020-04-21,0101000000202CAF9CAEA41D41613E31C0AAAE5E41,-63.1350828229,-17.6983788312,ET114,Distrito Urbano 5
227,MERCADO MOVILES,5,2020-04-21,01010000008011803FEB911D412E0BFEDCE3AF5E41,-63.1463979105,-17.6870499623,P.U.,Distrito Urbano 5
228,MERCADO MOVILES,5,2020-04-21,0101000000C0C548B60F821D41D8FCD06AF2AA5E41,-63.1560074749,-17.7327954383,74,Distrito Urbano 5
229,MERCADO MOVILES,5,2020-04-21,010100000070E4CD211B751D41E2D374C314AB5E41,-63.1638268952,-17.7315472647,73,Distrito Urbano 5
230,MERCADO MOVILES,5,2020-04-21,0101000000B06D0F02C6811D41B521D703B9AC5E41,-63.1561670381,-17.7163591168,193,Distrito Urbano 5
231,MERCADO MOVILES,5,2020-04-21,010100000060E07713E87C1D41553C0671EBAE5E41,-63.1590867811,-17.6960219449,ET103,Distrito Urbano 5
232,MERCADO MOVILES,6,2020-04-21,010100000000FDD1F797CD1D41BA77E5082AA95E41,-63.1104223268,-17.7493270946,144A,Distrito Urbano 6
233,MERCADO MOVILES,6,2020-04-21,01010000008090EA7BB1E81D41CE252D82E3A85E41,-63.0940633453,-17.7518855299,200,Distrito Urbano 6
234,MERCADO MOVILES,6,2020-04-21,0101000000806563E56CEF1D4107DAF5E815A95E41,-63.0899981601,-17.7500651489,201,Distrito Urbano 6
235,MERCADO MOVILES,6,2020-04-21,01010000007038B14703E11D4105AF6E72B7A85E41,-63.0987010620,-17.7534763132,200,Distrito Urbano 6
236,MERCADO MOVILES,6,2020-04-21,01010000004007A99B28C91D416469B83E73A75E41,-63.1131097431,-17.7651901824,152,Distrito Urbano 6
237,MERCADO MOVILES,6,2020-04-21,0101000000302EDAA31BD21D41418EBECF63A75E41,-63.1077068040,-17.7657512301,ET57,Distrito Urbano 6
238,MERCADO MOVILES,7,2020-04-21,0101000000C0F0CF4C63D21D41FF2DD9EE32A65E41,-63.1075443882,-17.7767743096,ET50,Distrito Urbano 7
239,MERCADO MOVILES,6,2020-04-21,0101000000B06D0F829AEF1D41553C06A9FEA75E41,-63.0898956370,-17.7601615907,199A,Distrito Urbano 6
240,MERCADO MOVILES,6,2020-04-21,010100000030DD2486B4FA1D4189D2DE8024AC5E41,-63.0831753570,-17.7217731009,319,Distrito Urbano 6
241,MERCADO MOVILES,6,2020-04-21,010100000000D01FDACADF1D414D90E9EE1DA85E41,-63.0994409245,-17.7590262931,199,Distrito Urbano 6
242,MERCADO MOVILES,7,2020-04-21,0101000000B042886B61F01D41C0F87A3C9FA45E41,-63.0894420540,-17.7913791986,276,Distrito Urbano 7
243,MERCADO MOVILES,7,2020-04-21,010100000020AB1959ADF51D41EDAA18ECD6A35E41,-63.0862471821,-17.7986230423,276,Distrito Urbano 7
244,MERCADO MOVILES,7,2020-04-21,0101000000153AF5C848EE1D41022F1E427AA55E41,-63.0907038659,-17.7834598088,275,Distrito Urbano 7
245,MERCADO MOVILES,6,2020-04-21,010100000090BD9C994EE71D4100BE27CF49A75E41,-63.0949080689,-17.7666979692,261,Distrito Urbano 6
246,MERCADO MOVILES,7,2020-04-21,0101000000A06BE4FAE9C01D41470F541B7BA45E41,-63.1181055966,-17.7926702738,ET35,Distrito Urbano 7
247,MERCADO MOVILES,7,2020-04-21,010100000060E07793E1D01D412209D38D73A45E41,-63.1084639179,-17.7929489261,,Distrito Urbano 7
248,MERCADO MOVILES,7,2020-04-21,0101000000305961BA3DC01D41265FE1B2F7A35E41,-63.1185150406,-17.7974211162,89,Distrito Urbano 7
249,B. LAS CARMELITAS  UE SARAH PORRAS,1,2020-04-21,01010000004260E510F9121D41295C8FC21DA45E41,-63.2231445315,-17.7959536662,112,Distrito Urbano 1
250,ROTONDA 2DO ANILLO AV. GUAPAY O CANAL COTOCA,11,2020-04-21,01010000007D3F35DE0C731D41D578E96E07A65E41,-63.1651107049,-17.7783069891,3,Distrito Urbano 11
251,ROTONDA 2DO ANILLO PARAGUA,11,2020-04-21,0101000000A1F831A6AE711D41295C8F5A75A65E41,-63.1659330673,-17.7743320895,3,Distrito Urbano 11
252,ROTONDA 2DO ANILLO MUTUALISTA,11,2020-04-21,010100000007F016C8236E1D4160E5D05AC1A65E41,-63.1680694003,-17.7715824314,2,Distrito Urbano 11
253,ROTONDA 2DO ANILLO AV. ALEMANA,11,2020-04-21,0101000000E5D0225BE6681D41AC1C5A64E5A65E41,-63.1712319428,-17.7702767562,2,Distrito Urbano 11
254,MERCADO MOVILES,4,2020-04-21,010100000090EA4EB7F83D1D41303685C3FDA25E41,-63.1971907117,-17.8063940790,ET13,Distrito Urbano 4
255,MERCADO MOVILES,4,2020-04-21,01010000003059613A923A1D41D8FCD05242A35E41,-63.1992414205,-17.8039132160,ET14,Distrito Urbano 4
256,MERCADO MOVILES,1,2020-04-21,0101000000600BFF2927311D41DC52DF17C2A45E41,-63.2049131494,-17.7900321146,ET16,Distrito Urbano 1
257,MERCADO MOVILES,1,2020-04-21,0101000000F0A498C39D311D41C8A4971644A55E41,-63.2046280478,-17.7853324231,ET16,Distrito Urbano 1
258,MERCADO MOVILES,1,2020-04-21,0101000000806563655F331D410159601D1BA65E41,-63.2035586969,-17.7775592155,ET18,Distrito Urbano 1
259,MERCADO MOVILES,1,2020-04-21,01010000009094408A81361D41E2D37453F8A65E41,-63.2016577937,-17.7695632415,ET19,Distrito Urbano 1
260,MERCADO MOVILES,7,2020-04-21,0101000000007C3C3461D01D41E0A8ED7CE9A35E41,-63.1087697462,-17.7979405691,90,Distrito Urbano 7
261,MERCADO MOVILES,7,2020-04-21,010100000090BD9C9987C21D41A1738F6A6EA35E41,-63.1171362844,-17.8023854280,ET39,Distrito Urbano 7
262,MERCADO MOVILES,7,2020-04-21,010100000020D6A06FE1CF1D41B1CBC80664A35E41,-63.1090740663,-17.8027657331,96,Distrito Urbano 7
263,MERCADO MOVILES,7,2020-04-21,01010000004007A91BDFE11D41F781BCF473A35E41,-63.0982092529,-17.8021955541,234,Distrito Urbano 7
264,MERCADO MOVILES,8,2020-04-21,01010000002082BDC995B51D41BA77E58058A15E41,-63.1249667873,-17.8216842975,147,Distrito Urbano 8
265,MERCADO MOVILES,8,2020-04-21,010100000020D6A0EFBECE1D41EB7F91FD32A25E41,-63.1097660835,-17.8137939884,102,Distrito Urbano 8
266,MERCADO MOVILES,8,2020-04-21,0101000000B09896987DE41D41CE252DE2B4A05E41,-63.0966413110,-17.8276160643,235,Distrito Urbano 8
267,MERCADO MOVILES,8,2020-04-21,0101000000B06D0F0280BD1D414FBB7075839F5E41,-63.1201979304,-17.8386456597,164,Distrito Urbano 8
268,MERCADO MOVILES,5,2020-04-21,0101000000C0F5289C5F751D41EC51B87621AF5E41,-63.1636314393,-17.6940650109,343,Distrito Urbano 5
269,MERCADO MOVILES,5,2020-04-21,01010000008090EA7B3C5B1D41A7F4242E01AC5E41,-63.1794345822,-17.7229858714,333A,Distrito Urbano 5
270,MERCADO MOVILES,5,2020-04-21,010100000050840D4F1A591D41736891754DAB5E41,-63.1807289124,-17.7294825738,ET51,Distrito Urbano 5
271,MERCADO MOVILES,6,2020-04-21,0101000000A0170155B6CB1D41EFD59FEA83AA5E41,-63.1115503954,-17.7368209444,196,Distrito Urbano 6
272,MERCADO MOVILES,12,2020-04-21,0101000000E075BB1ED5661D413D38B0120C9F5E41,-63.1725499790,-17.8429228141,175,Distrito Urbano 12
273,MERCADO MOVILES,12,2020-04-21,0101000000803C07D63D461D411C883D8AC79B5E41,-63.1922681126,-17.8731491761,184A,Distrito Urbano 12
274,MERCADO MOVILES,12,2020-04-21,0101000000202CAF9C66911D414FBB70F5DC9D5E41,-63.1468467505,-17.8539029407,169,Distrito Urbano 12
275,MERCADO MOVILES,10,2020-04-21,01010000004030052BC4191D410384E793279E5E41,-63.2191096990,-17.8511373409,135,Distrito Urbano 10
276,MERCADO MOVILES,10,2020-04-21,0101000000700D2A316E221D41A1738FA2A19D5E41,-63.2138819203,-17.8559858262,135,Distrito Urbano 10
277,MERCADO MOVILES,5,2020-04-21,01010000001053E024C24F1D41F9AC435BF7AC5E41,-63.1863536565,-17.7140788163,336,Distrito Urbano 5
278,MERCADO MOVILES,5,2020-04-21,010100000060368640BB591D41A1738F4243B05E41,-63.1803035616,-17.6835726862,,Distrito Urbano 5
279,MERCADO MOVILES,5,2020-04-21,0101000000261B935472671D4142C37209F2AF5E41,-63.1720294405,-17.6865167628,346,Distrito Urbano 5
280,MERCADO MOVILES,9,2020-04-21,0101000000A015D64DD7351D41470F5413939C5E41,-63.2021677208,-17.8657803644,187,Distrito Urbano 9
281,MERCADO MOVILES,12,2020-04-21,0101000000A015D64DAA751D4136B71AD7C99D5E41,-63.1636013184,-17.8545808425,177,Distrito Urbano 12
282,MERCADO MOVILES,12,2020-04-21,0101000000F04E8A16A65F1D412209D34D869D5E41,-63.1769030272,-17.8570110071,180,Distrito Urbano 12
283,MERCADO MOVILES,9,2020-04-21,010100000000262E071F4B1D4112B19941959C5E41,-63.1893123236,-17.8657144217,133,Distrito Urbano 9
285,MERCADO MOVILES,13,2020-04-21,01010000001B0490B9FCC61D416BB096356E9A5E41,-63.1144977025,-17.8856957733,,Distrito Urbano/Rural 13
287,MERCADO MOVILES,5,2020-04-21,010100000017DBA075FFB01D41C2A18D3B41AD5E41,-63.1276590063,-17.7114546875,221,Distrito Urbano 5
288,MERCADO MOVILES,5,2020-04-21,010100000000FDD177D3651D41A5C99DE711AE5E41,-63.1730240641,-17.7038753334,340,Distrito Urbano 5
289,MERCADO MOVILES,5,2020-04-21,0101000000E0CBC9CBB3871D41D050B46056AC5E41,-63.1525914108,-17.7199282054,78,Distrito Urbano 5
290,MERCADO MOVILES,16,2020-04-21,01010000001028590E6AA31D4145E4CCB473AB5E41,-63.1358703859,-17.7281359043,195,Distrito Industrial
291,MERCADO MOVILES,16,2020-04-21,01010000002082BD4936AC1D41493ADB5151AC5E41,-63.1305539177,-17.7201269637,195,Distrito Industrial
292,MERCADO MOVILES,5,2020-04-21,0101000000608FC27505911D41068195BB05AD5E41,-63.1469612118,-17.7135924492,194,Distrito Urbano 5
293,MERCADO MOVILES,6,2020-04-21,0101000000700D2AB1EDD21D411EB3C47058AA5E41,-63.1071951194,-17.7383952671,204,Distrito Urbano 6
294,MERCADO MOVILES,6,2020-04-21,01010000003084E8D019DC1D419F4808DCABAA5E41,-63.1016563196,-17.7353821599,204,Distrito Urbano 6
295,MERCADO MOVILES,6,2020-04-21,0101000000E0CBC9CB1DE51D4107DAF56804AB5E41,-63.0962122655,-17.7321833162,311,Distrito Urbano 6
296,MERCADO MOVILES,6,2020-04-21,010100000010FFFC7E53DA1D41470F54AB91A95E41,-63.1027334481,-17.7455843209,197,Distrito Urbano 6
297,MERCADO MOVILES,6,2020-04-21,01010000001028590EB6E21D41979CEBA1CFA95E41,-63.0976702392,-17.7433465971,202,Distrito Urbano 6
298,MERCADO MOVILES,6,2020-04-21,0101000000C0C548B6ADEC1D41B521D77318AA5E41,-63.0916516864,-17.7407166591,313,Distrito Urbano 6
